Model,Dataset,Accuracy,AUC
GRU,sim1,0.50865,0.51624316
GRU,sim2,0.9999,1.0
GRU,sim6,0.97645,0.9890631
GRU,sim7,0.9867,0.9967652
